A,B,diff,ci_lo,ci_hi,p_effN,hedges_g
S1-Ulhas River,S10-Chivla River,-155.92137449546715,-167.02902778835488,-144.81372120257942,1.9984014443252818e-14,-22.481041938690254
S1-Ulhas River,S11- Chlorella Vulgaris concentration,-64.52874791318865,-75.62562047935579,-53.43187534702152,1.0686144191751623e-09,-8.805022714222924
S1-Ulhas River,S12- Tap Water,46.55111875347802,35.456945403291925,57.64529210366412,4.9545449298804556e-08,6.235495105851867
S1-Ulhas River,S13- Distilled Water,46.55125208681135,35.45707873807136,57.645425435551346,4.954382637478716e-08,6.280084829442246
S1-Ulhas River,S2-Kalu River,-65.58367157731078,-213.058813909058,81.89147075443643,0.77951246824269,-0.8374883619620273
S1-Ulhas River,S3-Ambernath Lake,-212.49518336598243,-223.5901746605215,-201.40019207144334,0.0,-29.37606058420788
S1-Ulhas River,S4-Bhandup Lake,-170.13283031019242,-182.87629742049805,-157.3893631998868,3.885780586188048e-15,-20.34167946858106
S1-Ulhas River,S5-Dhamapur Lake,-144.52081581442323,-156.39902226382034,-132.64260936502612,0.0,-18.4424517832845
S1-Ulhas River,S6-Shirpur Lake,-185.51452331425816,-196.89727546968172,-174.1317711588346,4.6629367034256575e-15,-22.34294558878365
S1-Ulhas River,S7-Varawade River,-118.04905655516396,-129.14638175161906,-106.95173135870886,8.272271756482041e-13,-16.165360524677833
S1-Ulhas River,S8-Gotli River,-178.29533176412033,-189.4547883835073,-167.13587514473338,1.1102230246251565e-15,-24.509044287188534
S1-Ulhas River,S9-karli River,-208.8868684805645,-219.9970903098126,-197.77664665131638,0.0,-29.2896488932329
S10-Chivla River,S11- Chlorella Vulgaris concentration,91.39262658227851,90.24622977701226,92.53902338754476,0.0,52.849750325957054
S10-Chivla River,S12- Tap Water,202.47249324894517,201.37546096936023,203.5695255285301,1.1102230246251565e-16,238.44451595720847
S10-Chivla River,S13- Distilled Water,202.4726265822785,201.37559432478375,203.56965883977327,0.0,240.0973921016665
S10-Chivla River,S2-Kalu River,90.33770291815638,-57.11244310821375,237.7878489445265,0.41554989848453905,1.1754025572590558
S10-Chivla River,S3-Ambernath Lake,-56.57380887051528,-57.684778589143384,-55.462839151887174,0.0,-66.74370866681323
S10-Chivla River,S4-Bhandup Lake,-14.21145581472527,-23.09208595477049,-5.3308256746800495,0.0024204830181561166,-3.303099869580106
S10-Chivla River,S5-Dhamapur Lake,11.400558681043918,4.954473211662902,17.846644150424936,0.0005910242039517399,2.9652884782391213
S10-Chivla River,S6-Shirpur Lake,-29.593148818791008,-33.63370057227611,-25.552597065305903,0.0,-6.844279270236755
S10-Chivla River,S7-Varawade River,37.87231794030319,36.71678541334376,39.027850467262624,7.327471962526033e-15,14.406834786470858
S10-Chivla River,S8-Gotli River,-22.373957268653186,-24.660527870828428,-20.087386666477943,0.0,-8.866190193337513
S10-Chivla River,S9-karli River,-52.96549398509734,-54.47205479827812,-51.458933171916556,0.0,-47.50267173459756
S11- Chlorella Vulgaris concentration,S12- Tap Water,111.07986666666666,110.65162115734671,111.50811217598661,9.603429163007604e-14,66.93644327918798
S11- Chlorella Vulgaris concentration,S13- Distilled Water,111.08,110.65175460246577,111.50824539753422,1.7896795156957523e-13,67.44351977322614
S11- Chlorella Vulgaris concentration,S2-Kalu River,-1.0549236641221285,-148.50488964088646,146.3950423126422,1.0,-0.013164720894872391
S11- Chlorella Vulgaris concentration,S3-Ambernath Lake,-147.9664354527938,-148.4576901482566,-147.475180757331,4.196643033083092e-14,-91.44531522642276
S11- Chlorella Vulgaris concentration,S4-Bhandup Lake,-105.60408239700378,-114.4885995495057,-96.71956524450187,2.116773423210816e-10,-22.55931054391958
S11- Chlorella Vulgaris concentration,S5-Dhamapur Lake,-79.99206790123459,-86.42405482953059,-73.5600809729386,1.5134560271690134e-12,-19.085475516337713
S11- Chlorella Vulgaris concentration,S6-Shirpur Lake,-120.98577540106952,-124.95321682775425,-117.01833397438479,1.4432899320127035e-15,-25.777261685013592
S11- Chlorella Vulgaris concentration,S7-Varawade River,-53.52030864197532,-54.14738590234957,-52.89323138160107,0.0,-17.75720909653011
S11- Chlorella Vulgaris concentration,S8-Gotli River,-113.7665838509317,-115.9059940074017,-111.62717369446169,1.1102230246251565e-16,-39.00557477408235
S11- Chlorella Vulgaris concentration,S9-karli River,-144.35812056737586,-145.61862033290168,-143.09762080185004,4.440892098500626e-16,-81.86923707504259
S12- Tap Water,S13- Distilled Water,0.00013333333333333334,-0.00018034705239714047,0.00044701371906380715,0.9715555692182396,0.09509290599072871
S12- Tap Water,S2-Kalu River,-112.13479033078879,-259.5847091168103,35.31512845523271,0.19532237978437916,-1.338936819152658
S12- Tap Water,S3-Ambernath Lake,-259.04630211946045,-259.31585456124157,-258.77674967767933,0.0,-1176.4453182778877
S12- Tap Water,S4-Bhandup Lake,-216.68394906367044,-225.56998071639794,-207.79791741094294,5.428990590417015e-13,-47.11177777025981
S12- Tap Water,S5-Dhamapur Lake,-191.07193456790125,-197.501021283013,-184.64284785278952,1.887379141862766e-15,-46.99743721866201
S12- Tap Water,S6-Shirpur Lake,-232.06564206773618,-236.0146348727309,-228.11664926274145,8.992806499463768e-15,-50.2825265378816
S12- Tap Water,S7-Varawade River,-164.60017530864198,-165.06076099196335,-164.1395896253206,1.2945200467129325e-13,-60.717518074701694
S12- Tap Water,S8-Gotli River,-224.84645051759836,-226.95074254058943,-222.74215849460728,4.440892098500626e-16,-86.7503527727878
S12- Tap Water,S9-karli River,-255.4379872340425,-256.66207398137135,-254.21390048671367,0.0,-305.83428442005095
S13- Distilled Water,S2-Kalu River,-112.13492366412213,-259.58484245011863,35.31499512187436,0.19532141398615122,-1.3492460145152119
S13- Distilled Water,S3-Ambernath Lake,-259.0464354527938,-259.3159877871224,-258.77688311846515,6.661338147750939e-16,-1185.5720181039173
S13- Distilled Water,S4-Bhandup Lake,-216.68408239700378,-225.57011405059072,-207.79805074341684,5.416778137146139e-13,-47.47080654917872
S13- Distilled Water,S5-Dhamapur Lake,-191.0720679012346,-197.50115461484654,-184.64298118762264,1.2212453270876722e-15,-47.3184238822237
S13- Distilled Water,S6-Shirpur Lake,-232.06577540106952,-236.01476819613322,-228.1167826060058,4.218847493575595e-15,-50.655486289169374
S13- Distilled Water,S7-Varawade River,-164.60030864197532,-165.0608942204414,-164.13972306350922,5.495603971894525e-14,-61.13222183040515
S13- Distilled Water,S8-Gotli River,-224.8465838509317,-226.95087585507252,-222.74229184679086,0.0,-87.3450097752723
S13- Distilled Water,S9-karli River,-255.43812056737585,-256.6622073000197,-254.21403383473196,0.0,-308.0963971627162
S2-Kalu River,S3-Ambernath Lake,-146.91151178867165,-294.36144492710184,0.5384213497585222,0.05106308477061994,-1.815467651771402
S2-Kalu River,S4-Bhandup Lake,-104.54915873288165,-252.0121131792859,42.91379571352262,0.2584070698111155,-1.2992870354753583
S2-Kalu River,S5-Dhamapur Lake,-78.93714423711246,-226.39436175140798,68.52007327718304,0.5786555477536206,-1.03285973978512
S2-Kalu River,S6-Shirpur Lake,-119.93085173694739,-267.38432921469285,27.522625740798063,0.1457955938515958,-1.509324414816342
S2-Kalu River,S7-Varawade River,-52.46538497785319,-199.91535881540517,94.9845888596988,0.9245113273848931,-0.6869936227645681
S2-Kalu River,S8-Gotli River,-112.71166018680957,-260.1625800020846,34.73925962846546,0.19123893728449248,-1.4734213133684133
S2-Kalu River,S9-karli River,-143.3031969032537,-290.7533835338469,4.146989727339445,0.05880131744621098,-1.8087148401178434
S3-Ambernath Lake,S4-Bhandup Lake,42.36235305579001,33.47679718086115,51.24790893071887,4.935395080396532e-07,9.518329675528161
S3-Ambernath Lake,S5-Dhamapur Lake,67.9743675515592,61.544420226041716,74.40431487707669,1.0351386414697572e-11,17.216173461574634
S3-Ambernath Lake,S6-Shirpur Lake,26.98066005172427,23.02605355181416,30.93526655163438,0.0,6.0362910405185515
S3-Ambernath Lake,S7-Varawade River,94.44612681081847,93.9265208971506,94.96573272448634,1.1890488593735427e-13,35.8165014469527
S3-Ambernath Lake,S8-Gotli River,34.19985160186209,32.0848533336721,36.314849870052086,0.0,13.562785647254058
S3-Ambernath Lake,S9-karli River,3.60831488541794,2.3745119857125996,4.84211778512328,9.800216698163666e-07,4.324016636844946
S4-Bhandup Lake,S5-Dhamapur Lake,25.612014495769188,15.842837641528268,35.381191350010106,1.0465166628836897e-06,4.461805838193082
S4-Bhandup Lake,S6-Shirpur Lake,-15.381693004065738,-24.46971990528022,-6.293666102851258,0.0005302990948845565,-2.47372191789582
S4-Bhandup Lake,S7-Varawade River,52.08377375502846,43.199494278093546,60.968053231963374,8.174370424995914e-08,10.538601507631672
S4-Bhandup Lake,S8-Gotli River,-8.162501453927916,-17.049466559397022,0.7244636515411891,0.08034311399335947,-1.6697395782721387
S4-Bhandup Lake,S9-karli River,-38.75403817037207,-47.63428098801683,-29.873795352727306,6.985633818068493e-07,-8.754807765556562
S5-Dhamapur Lake,S6-Shirpur Lake,-40.993707499834926,-48.02552311181228,-33.961891887857576,2.0650148258027912e-14,-7.1568451337806325
S5-Dhamapur Lake,S7-Varawade River,26.471759259259272,20.039268137532208,32.90425038098634,1.7827385601076884e-07,5.886958451677038
S5-Dhamapur Lake,S8-Gotli River,-33.774515949697104,-40.311992324950545,-27.237039574443664,6.165654653500496e-10,-7.604512659724911
S5-Dhamapur Lake,S9-karli River,-64.36605266614126,-70.8161262955005,-57.91597903678202,4.809486142676178e-12,-16.321091155164346
S6-Shirpur Lake,S7-Varawade River,67.4654667590942,63.49495101522281,71.43598250296559,1.4432899320127035e-15,13.637253143629659
S6-Shirpur Lake,S8-Gotli River,7.219191550137822,2.861595178718984,11.57678792155666,4.120826051356996e-05,1.4748920429954464
S6-Shirpur Lake,S9-karli River,-23.37234516630633,-27.430341261055098,-19.314349071557565,0.0,-5.257358259753439
S7-Varawade River,S8-Gotli River,-60.246275208956376,-62.39153466239481,-58.10101575551794,1.0880185641326534e-14,-17.443937076851043
S7-Varawade River,S9-karli River,-90.83781192540053,-92.10551485305147,-89.57010899774959,8.881784197001252e-16,-33.76167288626617
S8-Gotli River,S9-karli River,-30.591536716444153,-32.91524668806155,-28.267826744826753,0.0,-11.847526097251151
